{
  "frame_id": "000000",
  "recovery_mode": "model_edge_refined",
  "injected_drift": [
    0.0,
    1.0,
    3.0,
    0.10000000149011612,
    0.0,
    0.0
  ],
  "model_predicted_correction": [
    0.023725207895040512,
    -0.029731998220086098,
    -0.016277944669127464,
    8.196272392524406e-05,
    0.0002936252567451447,
    -0.005580806639045477
  ],
  "final_correction": [
    0.023725207895040512,
    -5.429731845855713,
    -0.816277801990509,
    -0.0799180418252945,
    0.0002936252567451447,
    -0.005580806639045477
  ],
  "predicted_correction": [
    0.023725207895040512,
    -5.429731845855713,
    -0.816277801990509,
    -0.0799180418252945,
    0.0002936252567451447,
    -0.005580806639045477
  ],
  "predicted_confidence": 0.5048062801361084,
  "edge_refine_score": 0.5506879568099976,
  "normal_points": 5554,
  "drifted_points": 5554,
  "recovered_points": 5538,
  "drifted_reprojection_error_px": 19.723682403564453,
  "recovered_reprojection_error_px": 58.74714660644531,
  "recovery_rate_percent": -197.85080394434135,
  "recovery_status": "NOT_RECOVERED"
}