{
  "frame_id": "000000",
  "recovery_mode": "oracle",
  "injected_drift": [
    0.0,
    1.0,
    3.0,
    0.10000000149011612,
    0.0,
    0.0
  ],
  "model_predicted_correction": [
    0.023725207895040512,
    -0.029731998220086098,
    -0.016277944669127464,
    8.196272392524406e-05,
    0.0002936252567451447,
    -0.005580806639045477
  ],
  "final_correction": [
    0.05234125629067421,
    -0.9986293315887451,
    -3.0004563331604004,
    -0.09984774142503738,
    0.005233596079051495,
    -0.0017428487772122025
  ],
  "predicted_correction": [
    0.05234125629067421,
    -0.9986293315887451,
    -3.0004563331604004,
    -0.09984774142503738,
    0.005233596079051495,
    -0.0017428487772122025
  ],
  "predicted_confidence": 0.5048062801361084,
  "edge_refine_score": null,
  "normal_points": 5554,
  "drifted_points": 5554,
  "recovered_points": 5554,
  "drifted_reprojection_error_px": 19.723682403564453,
  "recovered_reprojection_error_px": 2.5306944735348225e-06,
  "recovery_rate_percent": 99.99998716925967,
  "recovery_status": "RECOVERED"
}